<?xml version="1.0" encoding="UTF-8"?>
<project-private xmlns="http://www.netbeans.org/ns/project-private/1">
    <editor-bookmarks xmlns="http://www.netbeans.org/ns/editor-bookmarks/2" lastBookmarkId="0"/>
    <open-files xmlns="http://www.netbeans.org/ns/projectui-open-files/2">
        <group>
            <file>file:/C:/Users/Akerux/OneDrive/Documentos/NetBeansProjects/Back/src/Vista/Entrada.java</file>
            <file>file:/C:/Users/Akerux/OneDrive/Documentos/NetBeansProjects/Back/src/Controlador/Inventario.java</file>
            <file>file:/C:/Users/Akerux/OneDrive/Documentos/NetBeansProjects/Back/src/Modelo/Boleta.java</file>
            <file>file:/C:/Users/Akerux/OneDrive/Documentos/NetBeansProjects/Back/src/Modelo/Producto.java</file>
        </group>
    </open-files>
</project-private>
